{
	"name": "zoom",
	"title": "Zoom",
	"description": "Enlarge images on click or mouseover.",
	"version": "1.7.7",
	"dependencies": {
		"jquery": ">=1.7"
	},
	"keywords": [
		"zoom",
		"images",
		"ui",
		"jQuery"
	],
	"author": {
		"name": "Jack Moore",
		"url": "http://www.jacklmoore.com",
		"email": "hello@jacklmoore.com"
	},
	"licenses": [
		{
			"type": "MIT",
			"url": "http://www.opensource.org/licenses/mit-license.php"
		}
	],
	"homepage": "http://www.jacklmoore.com/zoom",
	"demo": "http://www.jacklmoore.com/zoom"
}